,,,,
"S.No","percentage failure","True Roles","Predicted Roles"," Raw Sentence"
320,0,"X2-S2 || X1-P1 || X3-P2 || X2-S1 || X4-L2","X2-S2 || X1-P1 || X3-P2 || X2-S1 || X4-L2","after grasp the triangle put it on the left"
209,100,"X2-S2 || X1-P1 || X3-P2 || X2-S1 || X4-L2","X2-S2 || X1-P1 || X2-S1 || X4-L2","after grasping the triangle put it to the left"
359,0,"X2-S2 || X1-P1 || X3-P2 || X2-S1 || X4-L2","X2-S2 || X1-P1 || X3-P2 || X2-S1 || X4-L2","after hit triangle put it on the left"
280,0,"X5-S2 || X1-P1 || X3-L1 || X2-S1 || X4-P2","X5-S2 || X1-P1 || X3-L1 || X2-S1 || X4-P2","after moving the cross to the left touch the circle"
272,0,"X5-S2 || X4-P2 || X6-L2 || X1-P1 || X2-S1 || X3-L1","X5-S2 || X4-P2 || X6-L2 || X1-P1 || X2-S1 || X3-L1","after picking up the triangle pick up the cross"
274,0,"X1-P1 || X3-P2 || X2-S1 || X4-S2","X1-P1 || X3-P2 || X2-S1 || X4-S2","after pointing to the cross point to the circle"
264,0,"X1-P1 || X3-P2 || X2-S1 || X4-S2","X1-P1 || X3-P2 || X2-S1 || X4-S2","after pointing to the triangle grasp the circle"
286,0,"X5-S2 || X4-P2 || X6-L2 || X1-P1 || X2-S1 || X3-L1","X5-S2 || X4-P2 || X6-L2 || X1-P1 || X2-S1 || X3-L1","after pushing the circle to the left put the cross in the middle"
287,100,"X4-P2 || X5-L2 || X1-P1 || X2-S2 || X2-S1 || X3-L1","X2-S2 || X2-S1 || X3-L1 || X4-P2 || X5-L2","after pushing the circle to the middle put it back on the left"
206,0,"X5-S2 || X1-P1 || X3-L1 || X2-S1 || X4-P2","X5-S2 || X1-P1 || X3-L1 || X2-S1 || X4-P2","after pushing the red cross on my left please grasp the circle"
218,0,"X5-S2 || X4-P2 || X6-L2 || X1-P1 || X2-S1 || X3-L1","X5-S2 || X4-P2 || X6-L2 || X1-P1 || X2-S1 || X3-L1","after pushing the triangle to the middle please put the circle to the middle"
289,0,"X5-S2 || X4-P2 || X6-L2 || X1-P1 || X2-S1 || X3-L1","X5-S2 || X4-P2 || X6-L2 || X1-P1 || X2-S1 || X3-L1","after pushing the triangle to the right push the cross to the middle"
212,100,"X5-S2 || X4-P2 || X6-L2 || X1-P1 || X2-S1 || X3-L1","X5-S2 || X6-L2 || X1-P1 || X3-L1 || X4-P2","after putting the blue circle to the left push the cross to the middle"
219,0,"X5-S2 || X4-P2 || X6-L2 || X1-P1 || X2-S1 || X3-L1","X5-S2 || X4-P2 || X6-L2 || X1-P2 || X1-P1 || X2-S1 || X3-L1","after putting the circle to the right put the cross to the right too"
207,0,"X5-S2 || X1-P1 || X3-L1 || X2-S1 || X4-P2","X5-S2 || X1-P1 || X3-L1 || X2-S1 || X4-P2","after putting the red cross to the left please hit the blue circle"
288,100,"X2-S2 || X1-P1 || X3-P2 || X2-S1 || X4-L2","X4-P2 || X1-P1 || X2-S2 || X2-S1 || X3-P2 || X3-L1","after putting the triangle then push it back to the middle"
267,100,"X1-P1 || X3-P2 || X2-S1 || X4-S2","X3-P1 || X1-P1 || X4-S1 || X2-S1","after touching the cross point to the circle"
126,0,"X1-P1 || X3-P2 || X2-S1 || X4-S2","X1-P1 || X3-P2 || X2-S1 || X4-S2","after weve grasp the cross then point to the circle"
150,0,"X5-S2 || X4-P2 || X6-L2 || X1-P1 || X2-S1 || X3-L1","X5-S2 || X4-P2 || X6-L2 || X1-P1 || X2-S1 || X3-L1","after youve put the triangle in the middle put the circle on the left"
144,0,"X5-S2 || X4-P2 || X6-L2 || X1-P1 || X2-S1 || X3-L1","X5-S2 || X4-P2 || X6-L2 || X1-P1 || X2-S2 || X2-S1 || X3-L1","after youve put the triangle in the middle you can put the cross on the right"
340,100,"X3-P1 || X1-P2 || X4-S1 || X2-S2","X3-P1 || X1-P2 || X2-S1 || X2-S2","before grasp circle point triangle"
342,0,"X3-P1 || X1-P2 || X4-S1 || X2-S2","X3-P1 || X1-P2 || X4-S1 || X2-S2","before grasp cross point circle"
346,0,"X3-P1 || X1-P2 || X2-S1 || X2-S2","X3-P1 || X1-P2 || X2-S1 || X2-S2","before grasp triangle point it"
197,0,"X3-P1 || X1-P2 || X2-S1 || X2-S2","X3-P1 || X1-P2 || X2-S1 || X2-S2","before grasping the triangle on my left point at it"
58,0,"X3-P1 || X1-P2 || X2-S1 || X2-S2","X3-P1 || X1-P2 || X2-S1 || X2-S2","before grasping the triangle point at it"
341,0,"X3-P1 || X1-P2 || X4-S1 || X2-S2","X3-P1 || X1-P2 || X2-S1 || X4-S1 || X2-S2","before hit circle point triangle"
343,0,"X3-P1 || X1-P2 || X4-S1 || X2-S2","X3-P1 || X1-P2 || X4-S1 || X2-S2","before hit cross point circle"
353,100,"X1-P1 || X3-P2 || X2-S1 || X4-S2","X3-P1 || X1-P2 || X4-S1 || X2-S2","before hit the circle hit the circle"
356,100,"X3-P1 || X1-P2 || X5-L1 || X4-S1 || X2-S2","X2-S2 || X1-P1 || X2-S1","before hit the circle put the cross on the left"
200,100,"X3-P1 || X1-P2 || X4-S1 || X2-S2","X3-P1 || X1-P2 || X2-S2","before hitting the red cross please hit the triangle"
198,0,"X3-P1 || X1-P2 || X2-S1 || X2-S2","X3-P1 || X1-P2 || X2-S1 || X2-S2","before hitting the triangle point at it"
285,100,"X5-S1 || X4-P1 || X6-L1 || X1-P2 || X2-S2 || X3-L2","X5-S2 || X4-P1 || X6-L1 || X1-P2 || X2-S1 || X3-L2","before moving the circle to the middle move the cross to the left"
284,100,"X5-S2 || X4-P1 || X6-L1 || X1-P2 || X2-S1 || X3-L2","X5-S1 || X4-P1 || X6-L1 || X1-P2 || X2-S2 || X3-L2","before moving the cross to the right move the cross to the center"
282,100,"X4-P1 || X1-P2 || X5-L1 || X2-S2 || X2-S1 || X3-L2","X5-S2 || X4-P1 || X1-P2 || X2-S2 || X2-S1 || X3-L2","before moving the triangle left pick it up"
350,100,"X2-S2 || X1-P1 || X3-P2 || X4-S1","X3-P1 || X2-S2 || X2-S1 || X1-P2","before point circle point cross"
344,100,"X1-P2 || X3-S2 || X3-S1 || X2-P1","X3-P1 || X1-P2 || X2-S2","before point it grasp circle"
345,100,"X3-P1 || X1-P2 || X2-S1 || X2-S2","X1-P2 || X2-S1 || X2-S2","before point the circle hit it"
347,0,"X3-P1 || X1-P2 || X2-S1 || X2-S2","X3-P1 || X1-P2 || X2-S1 || X2-S2","before point triangle hit it"
56,0,"X3-P1 || X1-P2 || X2-S1 || X2-S2","X3-P1 || X1-P2 || X2-S1 || X2-S2","before pointing at the circle grasp it"
57,100,"X3-P1 || X1-P2 || X2-S1 || X4-S2","X3-P1 || X1-P2 || X4-S1 || X2-S2","before pointing at the circle touch at the circle"
55,100,"X3-P1 || X1-P2 || X4-S1 || X2-S2","X3-P1 || X1-P2 || X2-S1 || X4-S2","before pointing at the circle touch the cross"
208,100,"X3-P1 || X1-P2 || X2-S1 || X4-L1 || X2-S2","X3-P1 || X1-P2 || X2-S1 || X4-P1 || X2-S2","before pointing the red cross please push it to the right"
367,100,"X4-P1 || X1-P2 || X5-L1 || X2-S2 || X2-S1 || X3-L2","X5-S1 || X1-P2 || X1-P1 || X2-S2 || X2-S1 || X3-L2","before push the cross on right put it here"
221,100,"X4-P1 || X1-P2 || X5-L1 || X2-S2 || X2-S1 || X3-L2","X1-P2 || X5-S1 || X3-L2 || X4-P1 || X2-S2","before pushing the circle to the left please push it to the right"
211,100,"X5-S1 || X4-P1 || X6-L1 || X1-P2 || X2-S2 || X3-L2","X5-S2 || X4-P2 || X6-L1 || X1-P2 || X2-S2 || X3-L2","before pushing the cross to the right please put the triangle in the middle"
215,100,"X5-S1 || X4-P1 || X6-L1 || X1-P2 || X2-S2 || X3-L2","X1-P2 || X5-L1 || X3-L2 || X4-P1 || X2-S2","before pushing the triangle to the middle please push the cross to the right"
214,100,"X4-P1 || X1-P2 || X5-L1 || X2-S2 || X2-S1 || X3-L2","X5-S1 || X4-P1 || X1-P2 || X2-S2 || X2-S1 || X3-L2","before pushing the triangle to the middle please put it to the left"
354,100,"X1-P2 || X5-S1 || X3-L2 || X4-P1 || X2-S2","X4-S2 || X1-P2 || X5-S1 || X3-L2 || X2-S2","before put circle in the middle point the triangle"
363,100,"X1-P2 || X5-L1 || X3-P1 || X2-L2 || X4-S1 || X4-S2","X5-S1 || X4-P1 || X4-P2 || X1-P1 || X2-S2 || X2-S1 || X3-L2","before put in the right push the circle in the middle"
360,100,"X5-S1 || X4-P2 || X6-L1 || X1-P1 || X2-S2 || X3-L2","X2-S2 || X4-S1 || X1-P2 || X3-L2","before put the cross in right put the triangle in the middle"
362,0,"X5-S1 || X4-P1 || X6-L1 || X1-P2 || X2-S2 || X3-L2","X5-S1 || X4-P1 || X6-L1 || X1-P2 || X2-S2 || X3-L2","before put the cross in the middle push the circle on the left"
358,100,"X1-P2 || X2-S1 || X3-L2 || X4-P1 || X2-S2","X2-S2 || X2-S1 || X1-P1 || X4-P2 || X3-L2","before put the triangle on left grasp it"
371,100,"X4-P2 || X1-P1 || X5-L1 || X2-S2 || X2-S1 || X3-L2","X5-S1 || X4-P1 || X4-P2 || X1-P1 || X2-S2 || X2-S1 || X3-L2","before put the triangle on left put it in the middle"
216,0,"X5-S1 || X4-P1 || X6-L1 || X1-P2 || X2-S2 || X3-L2","X5-S1 || X4-P1 || X6-L1 || X1-P2 || X2-S2 || X3-L2","before putting the circle to the left put the triangle to the middle"
205,0,"X1-P2 || X5-S1 || X3-L2 || X4-P1 || X2-S2","X1-P2 || X5-S1 || X3-L2 || X4-P1 || X2-S2","before putting the circle to the middle please point at the triangle"
72,0,"X5-S1 || X4-P1 || X6-L1 || X1-P2 || X2-S2 || X3-L2","X5-S1 || X4-P1 || X6-L1 || X1-P2 || X2-S2 || X3-L2","before putting the cross to the right put the triangle in the middle"
213,100,"X5-S1 || X4-P1 || X6-L1 || X1-P2 || X2-S2 || X3-L2","X5-S2 || X5-S1 || X4-P1 || X4-P2 || X6-L1 || X1-P2 || X3-P1 || X2-S2","before putting the red cross to the middle please push the blue circle to the left"
210,0,"X1-P2 || X2-S1 || X3-L2 || X4-P1 || X2-S2","X1-P2 || X2-S1 || X3-L2 || X4-P1 || X2-S2","before putting the triangle to the left please hit it"
217,100,"X2-S2 || X1-P1 || X3-P2 || X2-S1 || X4-L2","X4-L2 || X4-P1 || X1-P2 || X1-S1 || X3-P1 || X2-S2 || X3-L2 || X2-P1","before rotating the red cross on itself please put it to the right"
273,100,"X3-P1 || X1-P2 || X4-S1 || X2-S2","X4-P1 || X1-P2 || X2-S2 || X2-S1 || X3-P2 || X4-S2","before touching the triangle touch the cross"
199,100,"X2-S2 || X1-P1 || X3-P2 || X4-S1","X3-P1 || X2-S2 || X4-S1 || X1-P2","before you grasp the cross please grasp the triangle"
193,100,"X3-P1 || X1-P2 || X4-S1 || X2-S2","X1-P1 || X3-P1 || X2-S2 || X3-P2 || X4-S1 || X4-S2","before you hit the circle point the triangle please"
279,100,"X5-S1 || X4-P1 || X6-L1 || X1-P2 || X2-S2 || X3-L2","X3-S2 || X5-L2 || X3-L1 || X6-L1 || X1-P2 || X2-S2 || X4-S1","before you pick up the circle move the cross to the left"
196,100,"X3-P1 || X1-P2 || X2-S1 || X2-S2","X1-P2 || X3-P2 || X2-S2","before you point the circle grasp it"
195,0,"X3-P1 || X1-P2 || X4-S1 || X2-S2","X3-P1 || X1-P2 || X4-S1 || X2-S2","before you point the circle please hit the cross"
133,100,"X2-S2 || X1-P1 || X3-P2 || X4-S1","X2-S2 || X4-S1 || X1-P2","before you touch the cross touch the triangle"
335,0,"X2-P1 || X1-S1","X2-P1 || X1-S1","circle is pointed"
48,0,"X1-P1 || X2-S1","X1-P1 || X2-S1","could you please grasp the cross"
50,100,"X1-P1 || X3-L1 || X2-S1","X3-S1 || X1-P1 || X2-S1","could you slowly put the cross to the right"
337,100,"X2-P1 || X1-S1","X1-P1 || X2-S1","cross is hit"
336,0,"X2-P1 || X1-S1","X2-P1 || X1-S1","cross is pointed"
135,100,"X3-S1 || X1-P1 || X2-P2 || X3-S2","X3-S2 || X1-L1 || X1-P2 || X3-P1 || X2-S2 || X2-P1","do not point to the circle but point to the cross twice"
151,100,"X5-S2 || X4-P2 || X6-L2 || X1-P1 || X2-S1 || X3-L1","X3-S1 || X4-P1 || X1-P2 || X5-L2 || X5-L1 || X2-S1 || X4-S2 || X3-L2","first of all put the cross on the right and then push the cross around onto the right again"
143,100,"X2-S2 || X1-P1 || X3-P2 || X2-S1 || X4-L2","X2-S2 || X1-P1 || X3-L1 || X2-S1 || X4-P2","first of all touch the triangle and then put it over on the left"
192,0,"X1-P1 || X3-P2 || X2-S1 || X4-S2","X1-P1 || X3-P2 || X2-S1 || X4-S2","first point the triangle and then grasp the circle"
125,0,"X1-P1 || X3-P2 || X2-S1 || X4-S2","X1-P1 || X3-P2 || X2-S1 || X4-S2","first point the triangle then you can touch the circle"
146,0,"X5-S2 || X4-P2 || X6-L2 || X1-P1 || X2-S1 || X3-L1","X5-S2 || X4-P2 || X6-L2 || X1-P1 || X2-S1 || X3-P2 || X3-L1","first push the circle to the left and afterwards put the cross in the middle of the table"
149,0,"X5-S2 || X4-P2 || X6-L2 || X1-P1 || X2-S1 || X3-L1","X5-S2 || X4-P2 || X6-L2 || X1-P1 || X2-S1 || X3-L1","first push the cross over to the right and then push the triangle into the middle"
39,0,"X5-S2 || X4-P2 || X6-L2 || X1-P1 || X2-S1 || X3-L1","X5-S2 || X4-P2 || X6-L2 || X1-P1 || X2-S1 || X3-L1","first push the cross to the right then push the triangle to the middle"
80,0,"X5-S2 || X4-P2 || X6-L2 || X1-P1 || X2-S1 || X3-L1","X5-S2 || X4-P2 || X6-L2 || X1-P1 || X2-S1 || X3-L1","first push the triangle in the middle then put the circle in the middle"
127,0,"X1-P1 || X3-P2 || X2-S1 || X4-S2","X2-S2 || X1-P1 || X3-P2 || X2-S1 || X4-S2","first touch the cross and then next point to the circle"
40,100,"X5-S2 || X4-P2 || X6-L2 || X1-P1 || X2-S1 || X3-L1","X5-S2 || X6-L2 || X1-P1 || X3-L1 || X4-P2","firstly put the triangle in the middle then put the circle to the left"
132,100,"X1-P1 || X3-P2 || X2-S1 || X4-S2","X2-S2 || X1-P1 || X3-P2 || X2-S1 || X4-L2","frist of all grasp the triangle and finally grasp the cross"
138,0,"X5-L2 || X1-P1 || X3-P2 || X2-S1 || X4-S2","X5-L2 || X1-P1 || X3-P2 || X2-S1 || X4-S2","frist point to the triangle and next please put the circle in the middle"
164,100,"X3-S1 || X1-P1 || X2-P2 || X3-S2","X1-P1 || X3-P2 || X2-S1","grasp and point the circle"
306,0,"X2-S2 || X1-P1 || X3-P2 || X2-S1","X2-S2 || X1-P1 || X3-P2 || X2-S1","grasp circle and point it"
314,0,"X1-P2 || X1-P1 || X2-S1 || X2-S2","X1-P2 || X1-P1 || X2-S1 || X2-S2","grasp circle two times"
298,0,"X1-P1 || X2-S1","X1-P1 || X2-S1","grasp cross"
304,0,"X1-P1 || X3-P2 || X2-S1 || X4-S2","X1-P1 || X3-P2 || X2-S1 || X4-S2","grasp cross and point circle"
120,0,"X1-P1 || X2-S1","X1-P1 || X2-S1","grasp that cross over there"
231,0,"X2-S2 || X1-P1 || X3-P2 || X2-S1","X2-S2 || X1-P1 || X3-P2 || X2-S1","grasp the circle and then point to it"
136,100,"X1-P1 || X3-P2 || X2-S1 || X4-S2","X4-P2 || X4-S1 || X1-P1 || X2-S2 || X2-S1 || X3-L1","grasp the circle and then when youve finished grasp the circle again"
355,100,"X3-P1 || X1-P2 || X5-L1 || X4-S1 || X2-S2","X1-P1 || X3-P2","grasp the circle but before put the cross on the left"
91,0,"X1-P1 || X3-P2 || X2-S1 || X4-S2","X1-P1 || X3-P2 || X2-S1 || X4-S2","grasp the circle point to the circle"
26,0,"X1-P2 || X1-P1 || X2-S1 || X2-S2","X1-P2 || X1-P1 || X2-S1 || X2-S2","grasp the circle twice"
99,0,"X1-P2 || X1-P1 || X2-S1 || X2-S2","X1-P2 || X1-P1 || X2-S1 || X2-S2","grasp the circle twice"
64,0,"X1-P2 || X1-P1 || X2-S1 || X2-S2","X1-P2 || X1-P1 || X2-S1 || X2-S2","grasp the circle two times"
10,0,"X1-P1 || X2-S1","X1-P1 || X2-S1","grasp the cross"
86,0,"X1-P1 || X2-S1","X1-P1 || X2-S1","grasp the cross"
223,0,"X1-P1 || X2-S1","X1-P1 || X2-S1","grasp the cross"
162,0,"X1-P1 || X3-P2 || X2-S1 || X4-S2","X1-P1 || X3-P2 || X2-S1 || X4-S2","grasp the cross and point the circle"
229,0,"X1-P1 || X3-P2 || X2-S1 || X4-S2","X1-P1 || X3-P2 || X2-S1 || X4-S2","grasp the cross and point to the circle"
18,100,"X2-S2 || X1-P1 || X3-P2 || X2-S1","X1-P1 || X3-P2 || X2-S1","grasp the cross before pointing at it"
16,0,"X1-P1 || X3-P2 || X2-S1 || X4-S2","X1-P1 || X3-P2 || X2-S1 || X4-S2","grasp the cross before pointing the circle"
266,0,"X1-P1 || X3-P2 || X2-S1 || X4-S2","X1-P1 || X3-P2 || X2-S1 || X4-S2","grasp the cross before pointing to the circle"
89,0,"X1-P1 || X3-P2 || X2-S1 || X4-S2","X1-P1 || X3-P2 || X2-S1 || X4-S2","grasp the cross point to the circle"
54,0,"X1-P1 || X3-P2 || X2-S1 || X4-S2","X1-P1 || X3-P2 || X2-S1 || X4-S2","grasp the cross then point at the circle"
194,0,"X1-P1 || X3-P2 || X2-S1 || X4-S2","X1-P1 || X3-P2 || X2-S1 || X4-S2","grasp the red cross and then point the circle"
270,0,"X3-P1 || X1-P2 || X2-S1 || X2-S2","X3-P1 || X1-P2 || X2-S1 || X3-P2 || X2-S2","grasp the triangle after having pointed to it"
168,0,"X1-P1 || X3-P2 || X2-S1 || X4-S2","X1-P1 || X3-P2 || X2-S1 || X4-S2","grasp the triangle and grasp the cross"
105,0,"X2-S2 || X1-P1 || X3-P2 || X2-S1 || X4-L2","X2-S2 || X1-P1 || X3-P2 || X2-S1 || X4-L2","grasp the triangle and then put it on the left"
178,0,"X2-S2 || X1-P1 || X3-P2 || X2-S1 || X4-L2","X2-S2 || X1-P1 || X3-P2 || X2-S1 || X4-L2","grasp the triangle and then put it to the left"
22,0,"X1-P1 || X3-P2 || X2-S1 || X4-S2","X1-P1 || X3-P2 || X2-S1 || X4-S2","grasp the triangle before grasping the cross"
32,100,"X2-S2 || X1-P1 || X3-P2 || X2-S1 || X4-L2","X3-P1 || X2-S2 || X2-S1 || X1-P2","grasp the triangle before having put it to the left"
70,0,"X2-S2 || X1-P1 || X3-P2 || X2-S1 || X4-L2","X2-S2 || X1-P1 || X3-P2 || X2-S1 || X4-L2","grasp the triangle then put it to the left"
60,100,"X1-P2 || X1-P1 || X2-S1 || X3-S2","X1-P1 || X3-P2 || X2-S1","grasp the triangle then the cross"
95,0,"X1-P1 || X3-P2 || X2-S1 || X4-S2","X1-P1 || X3-P2 || X2-S1 || X4-S2","grasp this triangle grasp the cross"
310,0,"X1-P1 || X3-P2 || X2-S1 || X4-S2","X1-P1 || X3-P2 || X2-S1 || X4-S2","grasp triangle and grasp cross"
348,100,"X1-P2 || X1-P1 || X2-S1 || X3-S2","X2-S2 || X1-P1 || X3-P2 || X2-S1","grasp triangle before the cross"
172,0,"X1-P2 || X1-P1 || X2-S1 || X2-S2","X1-P2 || X1-P1 || X2-S1 || X2-S2","grasp twice the circle"
203,0,"X1-P2 || X1-P1 || X2-S1 || X2-S2","X1-P2 || X1-P1 || X2-S1 || X2-S2","grasp twice the circle in the middle"
315,0,"X1-P1 || X3-P2 || X2-S1 || X4-S2","X1-P1 || X3-P2 || X2-S1 || X4-S2","hit circle hit circle"
299,0,"X1-P1 || X2-S1","X1-P1 || X2-S1","hit cross"
305,0,"X1-P1 || X3-P2 || X2-S1 || X4-S2","X1-P1 || X3-P2 || X2-S1 || X4-S2","hit cross and point circle"
204,100,"X1-P2 || X1-P1 || X2-S1 || X2-S2","X2-S2 || X2-S1 || X1-L1","hit the blue circle a first time and then a second time"
307,0,"X2-S2 || X1-P1 || X3-P2 || X2-S1","X2-S2 || X1-P1 || X3-P2 || X2-S1","hit the circle and point it"
165,0,"X1-P1 || X3-P2 || X2-S1 || X4-S2","X1-P1 || X3-P2 || X2-S1 || X4-S2","hit the circle and point the circle"
159,0,"X1-P1 || X2-S1","X1-P1 || X2-S1","hit the cross"
163,0,"X1-P1 || X3-P2 || X2-S1 || X4-S2","X1-P1 || X3-P2 || X2-S1 || X4-S2","hit the cross and point the circle"
189,0,"X1-P1 || X2-S1","X1-P1 || X2-S1","hit the red cross on my right"
179,0,"X2-S2 || X1-P1 || X3-P2 || X2-S1 || X4-L2","X2-S2 || X1-P1 || X3-P2 || X2-S1 || X4-L2","hit the triangle and put it to the left"
169,100,"X1-P2 || X1-P1 || X2-S1 || X3-S2","X1-P2 || X1-P1 || X3-P2 || X2-S1","hit the triangle and then the cross"
349,0,"X1-P1 || X3-P2 || X2-S1 || X4-S2","X1-P1 || X3-P2 || X2-S1 || X4-S2","hit the triangle before hit the cross"
311,0,"X1-P1 || X3-P2 || X2-S1 || X4-S2","X1-P1 || X3-P2 || X2-S1 || X4-S2","hit triangle and hit cross"
321,0,"X2-S2 || X1-P1 || X3-P2 || X2-S1 || X4-L2","X2-S2 || X1-P1 || X3-P2 || X2-S1 || X4-L2","hit triangle and put it on the left"
173,0,"X1-P2 || X1-P1 || X2-S1 || X2-S2","X1-P2 || X1-P1 || X2-S1 || X2-S2","hit twice the blue circle"
368,100,"X5-S2 || X4-P2 || X6-L2 || X1-P1 || X2-S1 || X3-L1","X4-S1 || X6-L2 || X2-P1 || X3-P2 || X3-L1 || X4-S2","in first push the triangle in middle and put the circle in the right"
369,100,"X3-S1 || X1-L2 || X1-L1 || X2-P1 || X2-P2 || X4-S2","X1-P2 || X1-P1 || X3-L1 || X2-S1 || X3-S2","in left push the triangle and the cross"
248,100,"X1-P2 || X5-L2 || X1-P1 || X2-S1 || X3-L1 || X4-S2","X1-P2 || X1-P1 || X3-L1 || X2-S1 || X4-S2","move the circle to the left then the cross to the middle"
278,100,"X1-P2 || X5-S1 || X3-L2 || X4-P1 || X2-S2","X1-P2 || X5-S1 || X3-L2 || X4-S1 || X2-S2","move the circle to the middle after having pointed to the triangle"
242,100,"X5-S2 || X4-P2 || X6-L2 || X1-P1 || X2-S1 || X3-L1","X5-S2 || X5-L1 || X1-P1 || X2-S2 || X2-S1 || X3-P2 || X3-L1 || X4-S2","move the cross to the left and then pick up the circle"
243,0,"X5-S2 || X1-P1 || X3-L1 || X2-S1 || X4-P2","X5-S2 || X1-P1 || X3-L1 || X2-S1 || X4-P2","move the cross to the left then touch the circle"
244,0,"X2-S2 || X1-P1 || X3-L1 || X2-S1 || X4-P2","X2-S2 || X1-P1 || X3-L1 || X2-S1 || X4-P2","move the cross to the right then point to it"
247,100,"X1-P2 || X5-L2 || X1-P1 || X2-S1 || X3-L1 || X4-S2","X1-P2 || X1-P1 || X3-L1 || X2-S1 || X4-S2","move the triangle to the center and the cross to the right"
295,100,"X4-L2 || X1-P2 || X1-P1 || X2-S2 || X2-S1 || X3-L1","X1-P2 || X1-P1 || X3-L1 || X2-S1 || X4-S2","move the triangle to the middle and to the left"
152,100,"X5-S2 || X4-P2 || X6-L2 || X1-P1 || X2-S1 || X3-L1","X5-S2 || X3-S1 || X4-P1 || X4-P2 || X6-L2 || X6-L1 || X1-P2 || X5-L1 || X2-S2 || X3-L2","move two objects to the same place by pushing the triangle to the center and then putting the circle in the center"
364,0,"X3-S1 || X3-S2 || X4-P2 || X1-L1 || X5-L2 || X2-P1","X3-S1 || X3-S2 || X4-P2 || X1-L1 || X5-L2 || X2-S2 || X2-P1","on left put the triangle and push it in the middle"
191,0,"X3-S1 || X1-L1 || X2-P1","X3-S1 || X1-L1 || X2-P1","on my left push the triangle"
339,0,"X3-S1 || X1-L1 || X2-P1","X3-S1 || X1-L1 || X2-P1","on the left push triangle"
361,0,"X3-S1 || X3-S2 || X4-P2 || X1-L1 || X5-L2 || X2-P1","X3-S1 || X3-S2 || X4-P2 || X1-L1 || X5-L2 || X2-P1","on the left put the cross and push it in the middle"
366,100,"X5-S2 || X3-S1 || X4-P2 || X6-L2 || X1-L1 || X2-P1","X5-L2 || X1-P1 || X6-L2 || X2-S1 || X4-P2","on the middle put the triangle and put the circle in left"
338,0,"X3-S1 || X1-L1 || X2-P1","X3-S1 || X1-L1 || X2-P1","on the right put the cross"
145,100,"X5-S2 || X4-P2 || X6-L2 || X1-P1 || X2-S1 || X3-L1","X5-S2 || X4-L2 || X6-L2 || X1-P2 || X3-P1 || X4-S1","once you have put the circle on the left you can push the cross to the middle"
141,100,"X2-S2 || X1-P1 || X3-L1 || X2-S1 || X4-P2","X1-P1 || X3-L1 || X2-S1 || X4-P2","once you have put the cross on the right point to it"
239,0,"X1-P2 || X1-P1 || X2-S2 || X2-S1 || X3-L1 || X3-L2","X1-P2 || X1-P1 || X2-S2 || X2-S1 || X3-L1 || X3-L2","pick up the circle twice"
276,0,"X1-P2 || X1-P1 || X2-S2 || X2-S1 || X3-L1 || X3-L2","X1-P2 || X1-P1 || X2-S2 || X2-S1 || X3-L1 || X3-L2","pick up the circle twice in a row"
235,100,"X5-S2 || X4-P2 || X6-L2 || X1-P1 || X2-S1 || X3-L1","X5-L2 || X1-P1 || X2-S1 || X4-P2 || X3-S2","pick up the triangle and then pick up the cross"
245,100,"X3-S2 || X4-P2 || X5-L2 || X1-P1 || X2-S1 || X3-L1","X5-S2 || X4-P2 || X1-P1 || X2-S2 || X2-S1 || X3-L1","pick up the triangle then move it left"
158,0,"X1-P1 || X2-S1","X1-P1 || X2-S1","please grasp the red cross"
188,0,"X1-P1 || X2-S1","X1-P1 || X2-S1","please grasp the red cross"
130,100,"X1-P1 || X3-P2 || X2-S1 || X4-S2","X4-P1 || X1-P2 || X2-S2 || X2-S1 || X3-L2 || X4-S2","please point to the triangle and after youve done that grasp the triangle"
24,100,"X3-P1 || X1-P2 || X4-S1 || X2-S2","X3-P1 || X1-P2 || X2-S1 || X4-P2","point at the circle after having pointed at the cross"
69,100,"X3-P1 || X1-P2 || X2-S1 || X4-L1 || X2-S2","X3-P1 || X1-P2 || X3-P2 || X4-L1 || X2-S2","point at the cross after having put it to the right"
62,0,"X1-P1 || X3-P2 || X2-S1 || X4-S2","X1-P1 || X3-P2 || X2-S1 || X4-S2","point at the cross then point at the circle"
63,100,"X1-P2 || X1-P1 || X2-S1 || X2-S2","X1-P2 || X1-P1 || X2-S2","point at the cross two times in a row"
174,100,"X5-L2 || X1-P1 || X3-P2 || X2-S1 || X4-S2","X5-S2 || X1-P1 || X3-P2 || X2-S1 || X4-S2","point at the triangle and then put the circle to the middle"
59,0,"X1-P1 || X3-P2 || X2-S1 || X4-S2","X1-P1 || X3-P2 || X2-S1 || X4-S2","point at the triangle then touch the triangle"
297,0,"X1-P1 || X2-S1","X1-P1 || X2-S1","point circle"
313,0,"X1-P2 || X1-P1 || X2-S1 || X2-S2","X1-P2 || X1-P1 || X2-S1 || X2-S2","point cross two times"
9,0,"X1-P1 || X2-S1","X1-P1 || X2-S1","point the circle"
157,0,"X1-P1 || X2-S1","X1-P1 || X2-S1","point the circle on my left"
187,0,"X1-P1 || X2-S1","X1-P1 || X2-S1","point the circle on my left"
47,0,"X1-P1 || X2-S1","X1-P1 || X2-S1","point the circle with your index finger"
202,0,"X2-S2 || X1-P1 || X3-P2 || X2-S1","X2-S2 || X1-P1 || X3-P2 || X2-S1","point the cross and point it again"
312,0,"X1-P1 || X3-P2 || X2-S1 || X4-S2","X1-P1 || X3-P2 || X2-S1 || X4-S2","point the cross and point the circle"
170,0,"X1-P1 || X3-P2 || X2-S1 || X4-S2","X1-P1 || X3-P2 || X2-S1 || X4-S2","point the red cross and point the circle"
201,100,"X1-P1 || X3-P2 || X2-S1 || X4-S2","X1-P1 || X3-L1 || X2-S1 || X4-S2","point the red cross on my right and then point the circle"
166,0,"X2-S2 || X1-P1 || X3-P2 || X2-S1","X2-S2 || X1-P1 || X3-P2 || X2-S1","point the triangle and grasp it"
160,0,"X1-P1 || X3-P2 || X2-S1 || X4-S2","X1-P1 || X3-P2 || X2-S1 || X4-S2","point the triangle and grasp the circle"
167,0,"X2-S2 || X1-P1 || X3-P2 || X2-S1","X2-S2 || X1-P1 || X3-P2 || X2-S1","point the triangle and hit it"
161,0,"X1-P1 || X3-P2 || X2-S1 || X4-S2","X1-P1 || X3-P2 || X2-S1 || X4-S2","point the triangle and hit the circle"
14,0,"X1-P1 || X3-P2 || X2-S1 || X4-S2","X1-P1 || X3-P2 || X2-S1 || X4-S2","point the triangle before grasping the circle"
52,100,"X1-P1 || X3-P2 || X2-S1 || X4-S2","X1-P2 || X3-P1 || X2-S2 || X2-S1 || X3-P2 || X4-S2","point the triangle before grasping the circle with the same hand"
15,0,"X1-P1 || X3-P2 || X2-S1 || X4-S2","X1-P1 || X3-P2 || X2-S1 || X4-S2","point the triangle before touching the circle"
85,0,"X1-P1 || X2-S1","X1-P1 || X2-S1","point to the circle"
222,0,"X1-P1 || X2-S1","X1-P1 || X2-S1","point to the circle"
268,100,"X3-P1 || X1-P2 || X2-S1 || X2-S2","X3-P1 || X1-P2 || X2-S2","point to the circle after having grasped it"
269,0,"X3-P1 || X1-P2 || X2-S1 || X2-S2","X3-P1 || X1-P2 || X2-S1 || X2-S2","point to the circle after having touched it"
281,100,"X3-P1 || X1-P2 || X2-S1 || X4-L1 || X2-S2","X3-P1 || X1-P2 || X2-S2","point to the cross after having moved it to the right"
97,0,"X1-P1 || X3-P2 || X2-S1 || X4-S2","X1-P1 || X3-P2 || X2-S1 || X4-S2","point to the cross point to the circle"
275,100,"X1-P2 || X1-P1 || X2-S1 || X2-S2","X2-S2 || X1-P1 || X2-S1","point to the cross then do it again"
237,0,"X1-P1 || X3-P2 || X2-S1 || X4-S2","X1-P1 || X3-P2 || X2-S1 || X4-S2","point to the cross then point to the circle"
98,0,"X1-P2 || X1-P1 || X2-S1 || X2-S2","X1-P2 || X1-P1 || X2-S1 || X2-S2","point to the cross twice"
238,0,"X1-P2 || X1-P1 || X2-S1 || X2-S2","X1-P2 || X1-P1 || X2-S1 || X2-S2","point to the cross twice"
88,0,"X1-P1 || X3-P2 || X2-S1 || X4-S2","X1-P1 || X3-P2 || X2-S1 || X4-S2","point to the triangle and grasp the circle"
227,0,"X1-P1 || X3-P2 || X2-S1 || X4-S2","X1-P1 || X3-P2 || X2-S1 || X4-S2","point to the triangle and grasp the circle"
124,100,"X1-P1 || X3-P2 || X2-S1 || X4-S2","X3-L2","point to the triangle and then after that grasp the circle"
20,0,"X2-S2 || X1-P1 || X3-P2 || X2-S1","X2-S2 || X1-P1 || X3-P2 || X2-S1","point to the triangle and then grasp it"
233,0,"X2-S2 || X1-P1 || X3-P2 || X2-S1","X2-S2 || X1-P1 || X3-P2 || X2-S1","point to the triangle and then grasp it"
241,0,"X5-L2 || X1-P1 || X3-P2 || X2-S1 || X4-S2","X5-L2 || X1-P1 || X3-P2 || X2-S1 || X4-S2","point to the triangle and then move the circle to the middle"
101,0,"X5-L2 || X1-P1 || X3-P2 || X2-S1 || X4-S2","X5-L2 || X1-P1 || X3-P2 || X2-S1 || X4-S2","point to the triangle and then put the circle in the middle"
234,0,"X2-S2 || X1-P1 || X3-P2 || X2-S1","X2-S2 || X1-P1 || X3-P2 || X2-S1","point to the triangle and then touch it"
228,0,"X1-P1 || X3-P2 || X2-S1 || X4-S2","X1-P1 || X3-P2 || X2-S1 || X4-S2","point to the triangle and touch the circle"
93,0,"X1-P1 || X3-P2 || X2-S1 || X4-S2","X1-P1 || X3-P2 || X2-S1 || X4-S2","point to the triangle grasp the triangle"
2,0,"X1-P1 || X3-P2 || X2-S1 || X4-S2","X1-P1 || X3-P2 || X2-S1 || X4-S2","point to the triangle touch the circle"
94,0,"X1-P1 || X3-P2 || X2-S1 || X4-S2","X1-P1 || X3-P2 || X2-S1 || X4-S2","point to the triangle touch the triangle"
134,100,"X1-P2 || X1-P1 || X2-S1 || X3-S2","X1-P2 || X1-P1 || X3-P2 || X2-S1","point to two things first the cross and then the circle"
302,0,"X1-P1 || X3-P2 || X2-S1 || X4-S2","X1-P1 || X3-P2 || X2-S1 || X4-S2","point triangle and grasp circle"
308,0,"X2-S2 || X1-P1 || X3-P2 || X2-S1","X2-S2 || X1-P1 || X3-P2 || X2-S1","point triangle and grasp it"
303,0,"X1-P1 || X3-P2 || X2-S1 || X4-S2","X1-P1 || X3-P2 || X2-S1 || X4-S2","point triangle and hit circle"
309,0,"X2-S2 || X1-P1 || X3-P2 || X2-S1","X2-S2 || X1-P1 || X3-P2 || X2-S1","point triangle and hit it"
316,100,"X5-L2 || X1-P1 || X3-P2 || X2-S1 || X4-S2","X1-P1 || X3-P2 || X2-S1","point triangle and put circle in the middle"
25,0,"X1-P2 || X1-P1 || X2-S1 || X2-S2","X1-P2 || X1-P1 || X2-S1 || X2-S2","point twice at the cross"
171,0,"X1-P2 || X1-P1 || X2-S1 || X2-S2","X1-P2 || X1-P1 || X2-S1 || X2-S2","point twice the cross"
293,0,"X4-L1 || X4-L2 || X3-S2 || X1-P2 || X1-P1 || X2-S1","X4-L1 || X4-L2 || X3-S2 || X1-P2 || X1-P1 || X2-S1","push both the triangle and the cross to the left"
334,100,"X5-S2 || X4-P2 || X6-L2 || X1-P1 || X2-S1 || X3-L1","X4-P2 || X6-L2 || X5-L2 || X1-P1 || X2-S1 || X3-P2 || X3-L1","push circle on right and push circle on left"
181,0,"X5-S2 || X4-P2 || X6-L2 || X1-P1 || X2-S1 || X3-L1","X5-S2 || X4-P2 || X6-L2 || X1-P1 || X2-S1 || X3-L1","push the blue circle to the left and put the red cross to the middle"
325,0,"X4-P2 || X5-L2 || X1-P1 || X2-S2 || X2-S1 || X3-L1","X4-P2 || X5-L2 || X1-P1 || X2-S2 || X2-S1 || X3-L1","push the circle in the middle and put it in the right"
156,100,"X4-L1 || X6-L2 || X1-P1 || X2-S2 || X2-S1 || X3-P2","X4-L1 || X3-S2 || X4-P2 || X6-L2 || X1-P1 || X2-S2 || X2-S1 || X3-L1","push the circle in two directions first push it to the right and afterwards push it to the left"
147,0,"X4-P2 || X5-L2 || X1-P1 || X2-S2 || X2-S1 || X3-L1","X4-P1 || X4-P2 || X5-L2 || X1-P1 || X2-S2 || X2-S1 || X3-P2 || X3-L1","push the circle into the middle and then put it back on the right"
109,0,"X5-S2 || X4-P2 || X6-L2 || X1-P1 || X2-S1 || X3-L1","X5-S2 || X4-P2 || X6-L2 || X1-P1 || X2-S1 || X3-L1","push the circle left put the cross middle"
372,100,"X4-P2 || X5-L2 || X1-P1 || X2-S2 || X2-S1 || X3-L1","X5-L1 || X1-P1 || X3-L1 || X2-S1 || X4-P2","push the circle on right before push it in left"
324,100,"X5-S2 || X4-P2 || X6-L2 || X1-P1 || X2-S1 || X3-L1","X6-L2 || X1-P1 || X3-L1 || X2-S1 || X4-P2","push the circle on the left and put the cross in the middle"
8,0,"X5-S2 || X4-P2 || X6-L2 || X1-P1 || X2-S1 || X3-L1","X5-S2 || X4-P2 || X6-L2 || X1-P1 || X2-S1 || X3-L1","push the circle to the left and move the cross to the middle"
296,100,"X4-L2 || X1-P2 || X1-P1 || X2-S2 || X2-S1 || X3-L1","X1-P2 || X1-P1 || X3-L1 || X2-S1","push the circle to the left and then all the way to the right"
36,0,"X5-S2 || X4-P2 || X6-L2 || X1-P1 || X2-S1 || X3-L1","X5-S2 || X4-P2 || X6-L2 || X1-P1 || X2-S1 || X3-L1","push the circle to the left then put the cross in the middle"
110,0,"X4-P2 || X5-L2 || X1-P1 || X2-S2 || X2-S1 || X3-L1","X4-P2 || X5-L2 || X1-P1 || X2-S2 || X2-S1 || X3-L1","push the circle to the middle and then put it on the right"
249,0,"X4-P2 || X5-L2 || X1-P1 || X2-S2 || X2-S1 || X3-L1","X4-P2 || X5-L2 || X1-P1 || X2-S2 || X2-S1 || X3-L1","push the circle to the middle and then put it to the left"
186,100,"X4-L2 || X1-P2 || X1-P1 || X2-S2 || X2-S1 || X3-L1","X1-P2 || X1-P1 || X3-L1 || X2-S1","push the circle to the right and the to the left"
46,100,"X4-P2 || X5-L2 || X1-P1 || X2-S2 || X2-S1 || X3-L1","X5-S2 || X4-P2 || X1-P1 || X2-S2 || X2-S1 || X3-L1","push the circle to the right before pushing it to the left"
84,0,"X5-S2 || X4-P2 || X6-L2 || X1-P1 || X2-S1 || X3-L1","X5-S2 || X4-P2 || X6-L2 || X1-P1 || X2-S1 || X3-L1","push the circle to the right then push the circle to the left"
118,0,"X5-S2 || X4-P2 || X6-L2 || X1-P1 || X2-S1 || X3-L1","X5-S2 || X4-P2 || X6-L2 || X1-P1 || X2-S1 || X3-L1","push the circle to the right then push the circle to the left"
258,0,"X5-S2 || X4-P2 || X6-L2 || X1-P1 || X2-S1 || X3-L1","X5-S2 || X4-P2 || X6-L2 || X1-P1 || X2-S1 || X3-L1","push the circle to the right then push the circle to the left"
79,100,"X3-P1 || X1-P2 || X2-S1 || X4-L1 || X2-S2","X2-S2 || X2-S1 || X3-L1 || X1-P1","push the cross after having put it to the right"
291,100,"X4-P1 || X1-P2 || X5-L2 || X2-S2 || X2-S1 || X3-L1","X5-S1 || X5-L2 || X1-P2 || X2-S2 || X3-L2 || X4-S1 || X4-S2","push the cross around the left after putting it first on the left"
73,100,"X5-S1 || X4-P1 || X6-L1 || X1-P2 || X2-S2 || X3-L2","X5-L2 || X1-P2 || X2-S1 || X3-L1 || X2-S2","push the cross in the middle after putting the circle on the left"
175,0,"X5-S2 || X1-P1 || X3-L1 || X2-S1 || X4-P2","X5-S2 || X1-P1 || X3-L1 || X2-S1 || X4-P2","push the cross on my left and then grasp the circle"
327,0,"X5-S2 || X4-P2 || X6-L2 || X1-P1 || X2-S1 || X3-L1","X5-S2 || X4-P2 || X6-L2 || X1-P1 || X2-S1 || X3-L1","push the cross on right and push triangle in the middle"
365,100,"X1-P2 || X5-L2 || X1-P1 || X2-S1 || X3-L1 || X4-S2","X1-P1 || X3-L1 || X2-S1","push the cross on right and triangle in the middle"
37,100,"X4-P2 || X5-L2 || X1-P1 || X2-S2 || X2-S1 || X3-L1","X2-S2 || X1-P1 || X3-L1 || X2-S1 || X4-P2","push the cross to the middle then put it back to the right"
112,0,"X5-S2 || X4-P2 || X6-L2 || X1-P1 || X2-S1 || X3-L1","X5-S2 || X4-P2 || X6-L2 || X1-P1 || X2-S1 || X3-L1","push the cross to the right and push the triangle to the middle"
251,0,"X5-S2 || X4-P2 || X6-L2 || X1-P1 || X2-S1 || X3-L1","X5-S2 || X4-P2 || X6-L2 || X1-P1 || X2-S1 || X3-L1","push the cross to the right and push the triangle to the middle"
183,100,"X5-S2 || X4-P2 || X6-L2 || X1-P1 || X2-S1 || X3-L1","X5-S2 || X1-P1 || X6-L2 || X2-S1 || X4-P2","push the red cross to the right and then push the triangle to the middle"
43,100,"X4-L1 || X4-L2 || X3-S2 || X1-P2 || X1-P1 || X2-S1","X1-P1 || X3-L1 || X2-S1","push the triangle and the cross to the left"
77,100,"X5-S1 || X4-P1 || X6-L1 || X1-P2 || X2-S2 || X3-L2","X4-P1 || X1-P2 || X5-L1 || X2-S2 || X2-S1 || X3-L2","push the triangle in the middle after having pushed the cross to the right"
76,100,"X4-P1 || X1-P2 || X5-L1 || X2-S2 || X2-S1 || X3-L2","X1-P2 || X5-S1 || X3-L2 || X4-P1 || X2-S2","push the triangle in the middle after having put it to the left"
254,0,"X5-S2 || X4-P2 || X6-L2 || X1-P1 || X2-S1 || X3-L1","X5-S2 || X4-P2 || X6-L2 || X1-P1 || X2-S1 || X3-L1","push the triangle in the middle and put the circle in the middle"
42,0,"X5-S2 || X4-P2 || X6-L2 || X1-P1 || X2-S1 || X3-L1","X5-S2 || X4-P2 || X6-L2 || X1-P1 || X2-S1 || X3-L1","push the triangle in the middle then put circle in the middle"
1,0,"X1-P1 || X3-L1 || X2-S1","X1-P1 || X3-L1 || X2-S1","push the triangle left"
5,0,"X1-P1 || X3-L1 || X2-S1","X1-P1 || X3-L1 || X2-S1","push the triangle on my left"
330,0,"X5-S2 || X4-P2 || X6-L2 || X1-P1 || X2-S1 || X3-L1","X5-S2 || X4-P2 || X6-L2 || X1-P1 || X2-S1 || X3-L1","push the triangle on the middle and put the circle in the middle"
226,0,"X1-P1 || X3-L1 || X2-S1","X1-P1 || X3-L1 || X2-S1","push the triangle over to the left"
115,0,"X5-S2 || X4-P2 || X6-L2 || X1-P1 || X2-S1 || X3-L1","X5-S2 || X4-P2 || X6-L2 || X1-P1 || X2-S1 || X3-L1","push the triangle to the center and put the circle in the middle"
13,0,"X1-P1 || X3-L1 || X2-S1","X1-P1 || X3-L1 || X2-S1","push the triangle to the left"
123,0,"X1-P1 || X3-L1 || X2-S1","X1-P1 || X3-L1 || X2-S1","push the triangle to the left"
185,0,"X5-S2 || X4-P2 || X6-L2 || X1-P1 || X2-S1 || X3-L1","X5-S2 || X4-P2 || X6-L2 || X1-P1 || X2-S1 || X3-L1","push the triangle to the left and push the cross to the left"
255,0,"X5-S2 || X4-P2 || X6-L2 || X1-P1 || X2-S1 || X3-L1","X5-S2 || X4-P2 || X6-L2 || X1-P1 || X2-S1 || X3-L1","push the triangle to the left and push the cross to the left"
81,100,"X5-S2 || X4-P2 || X6-L2 || X1-P1 || X2-S1 || X3-L1","X2-S2 || X1-P1 || X3-L1 || X2-S1 || X4-P2","push the triangle to the left then push also the cross to the left"
3,0,"X5-S2 || X4-P2 || X6-L2 || X1-P1 || X2-S1 || X3-L1","X5-S2 || X4-P2 || X6-L2 || X1-P1 || X2-S1 || X3-L1","push the triangle to the left then push the cross to the left"
7,0,"X5-S2 || X4-P2 || X6-L2 || X1-P1 || X2-S1 || X3-L1","X5-S2 || X4-P2 || X6-L2 || X1-P1 || X2-S1 || X3-L1","push the triangle to the middle and put the circle to the middle"
148,100,"X4-P1 || X1-P2 || X5-L1 || X2-S2 || X2-S1 || X3-L2","X4-P2 || X5-L2 || X1-P2 || X1-P1 || X2-S2 || X2-S1 || X3-L1","push the triangle to the middle once you have put it on the left"
292,100,"X5-S2 || X4-P2 || X6-L2 || X1-P1 || X2-S1 || X3-L1","X5-S1 || X4-P2 || X6-L2 || X5-L2 || X1-P1 || X3-L1","push to the triangle to the middle followed by putting the circle to the middle"
331,100,"X1-P1 || X5-L2 || X5-L1 || X2-S1 || X3-P2 || X4-S2","X5-S2 || X1-P1 || X3-L1 || X2-S1 || X4-P2","push triangle and push cross in left"
301,0,"X1-P1 || X3-L1 || X2-S1","X1-P1 || X3-L1 || X2-S1","push triangle on the left"
294,0,"X4-L1 || X4-L2 || X3-S2 || X1-P2 || X1-P1 || X2-S1","X4-L1 || X4-L2 || X3-S2 || X1-P2 || X1-P1 || X2-S1","put both the circle and the cross on the right"
44,0,"X4-L1 || X4-L2 || X3-S2 || X1-P2 || X1-P1 || X2-S1","X4-L1 || X4-L2 || X3-S2 || X1-P2 || X1-P1 || X2-S1","put both the circle and the cross to the right"
154,100,"X4-L1 || X4-L2 || X3-S1 || X1-P2 || X1-P1 || X2-S2","X4-L1 || X3-S2 || X4-L2 || X1-P2 || X1-P1 || X2-P1","put both the cross and the circle to the right start with the circle"
370,100,"X4-L1 || X4-L2 || X3-S2 || X1-P2 || X1-P1 || X2-S1","X1-P1 || X2-S1","put the circle and the cross in right"
66,100,"X5-S2 || X4-P2 || X6-L2 || X1-P1 || X2-S1 || X3-L1","X1-P1 || X5-S1 || X4-P2 || X3-L2","put the circle at the middle before putting the triangle in the middle"
75,100,"X4-P1 || X1-P2 || X5-L1 || X2-S2 || X2-S1 || X3-L2","X5-L2 || X1-P2 || X2-S1 || X3-L1 || X2-S2","put the circle back to the right after having pushed it to the middle"
323,100,"X5-S2 || X4-P2 || X6-L2 || X1-P1 || X2-S1 || X3-L1","X5-S2 || X1-P1 || X6-L2 || X2-S1 || X4-P2","put the circle in left and push the cross in the middle"
108,0,"X5-S2 || X4-P2 || X6-L2 || X1-P1 || X2-S1 || X3-L1","X5-S2 || X4-P2 || X6-L2 || X1-P1 || X2-S1 || X3-L1","put the circle left and push the cross to the middle"
256,100,"X1-P2 || X5-L2 || X1-P1 || X2-S1 || X3-L1 || X4-S2","X1-P2 || X1-P1 || X3-L1 || X2-S1","put the circle on the right and the cross on the right"
78,100,"X5-S1 || X4-P2 || X6-L1 || X1-P1 || X2-S2 || X3-L2","X5-S2 || X4-P2 || X6-L2 || X6-L1 || X1-P1 || X2-S2 || X2-S1 || X3-L2","put the circle to the left after having first put the triangle in the middle"
6,0,"X5-S2 || X4-P2 || X6-L2 || X1-P1 || X2-S1 || X3-L1","X5-S2 || X4-P2 || X6-L2 || X1-P1 || X2-S1 || X3-L1","put the circle to the left and push the cross to the middle"
35,0,"X5-S2 || X4-P2 || X6-L2 || X1-P1 || X2-S1 || X3-L1","X5-S2 || X4-P2 || X6-L2 || X6-L1 || X1-P1 || X2-S1 || X3-L1 || X3-L2","put the circle to the left before pushing the cross to the middle"
116,100,"X5-S2 || X4-P2 || X6-L2 || X1-P1 || X2-S1 || X3-L1","X6-L2 || X1-P2 || X1-P1 || X2-S1 || X3-L1 || X4-S2","put the circle to the right and put the circle to the right"
317,0,"X5-S2 || X1-P1 || X3-L1 || X2-S1 || X4-P2","X5-S2 || X1-P1 || X3-L1 || X2-S1 || X4-P2","put the cross in left and grasp the circle"
332,100,"X3-P2 || X5-L2 || X1-P1 || X2-L1 || X4-S1 || X4-S2","X5-S2 || X1-P1 || X3-L1 || X2-S1 || X4-P2","put the cross in right and put the circle in right"
252,0,"X5-S2 || X4-P2 || X6-L2 || X1-P1 || X2-S1 || X3-L1","X5-S2 || X4-P2 || X6-L2 || X1-P1 || X2-S1 || X3-L1","put the cross in the middle and put the circle on the left"
74,100,"X5-S1 || X4-P1 || X6-L1 || X1-P2 || X2-S2 || X3-L2","X4-L2 || X5-S1 || X4-P1 || X1-P2 || X2-S2 || X2-S1","put the cross in the middle when you have pushed the circle to the left"
102,0,"X5-S2 || X1-P1 || X3-L1 || X2-S1 || X4-P2","X5-S2 || X1-P1 || X3-L1 || X2-S1 || X4-P2","put the cross left and grasp the circle"
103,0,"X5-S2 || X1-P1 || X3-L1 || X2-S1 || X4-P2","X5-S2 || X1-P1 || X3-L1 || X2-S1 || X4-P2","put the cross left and touch the circle"
4,0,"X1-P1 || X3-L1 || X2-S1","X1-P1 || X3-L1 || X2-S1","put the cross on my right"
319,0,"X2-S2 || X1-P1 || X3-L1 || X2-S1 || X4-P2","X2-S2 || X1-P1 || X3-L1 || X2-S1 || X4-P2","put the cross on right and point it"
329,100,"X4-P2 || X5-L2 || X1-P1 || X2-S2 || X2-S1 || X3-L1","X2-S2 || X1-P1 || X3-L1 || X5-L2","put the cross on right and push it in right too"
357,0,"X2-S2 || X1-P1 || X3-L1 || X2-S1 || X4-P2","X2-S2 || X1-P1 || X3-L1 || X2-S1 || X4-P2","put the cross on right before point it"
318,0,"X5-S2 || X1-P1 || X3-L1 || X2-S1 || X4-P2","X5-S2 || X1-P1 || X3-L1 || X2-S1 || X4-P2","put the cross on the left and hit the circle"
253,0,"X4-P2 || X5-L2 || X1-P1 || X2-S2 || X2-S1 || X3-L1","X4-P2 || X5-L2 || X1-P1 || X2-S2 || X2-S1 || X3-L1","put the cross on the left and push it back to the left"
140,100,"X5-S2 || X1-P1 || X3-L1 || X2-S1 || X4-P2","X5-S2 || X4-P2 || X4-S1 || X1-P2 || X5-L1 || X3-L1","put the cross on the left and this time touch the circle"
290,0,"X1-P2 || X5-L2 || X1-P1 || X2-S1 || X3-L1 || X4-S2","X1-P2 || X5-L2 || X1-P1 || X2-S1 || X3-L1 || X4-S2","put the cross on the middle and the circle on the left"
225,0,"X1-P1 || X3-L1 || X2-S1","X1-P1 || X3-L1 || X2-S1","put the cross on the right"
300,0,"X1-P1 || X3-L1 || X2-S1","X1-P1 || X3-L1 || X2-S1","put the cross on the right"
114,0,"X5-S2 || X4-P2 || X6-L2 || X1-P1 || X2-S1 || X3-L1","X5-S2 || X4-P2 || X6-L2 || X1-P1 || X2-S1 || X3-L1","put the cross on the right then push the cross to the right"
122,0,"X1-P1 || X3-L1 || X2-S1","X1-P1 || X3-L1 || X2-S1","put the cross over on the right"
139,100,"X5-S2 || X1-P1 || X3-L1 || X2-S1 || X4-P2","X5-S2 || X3-S1 || X4-P1 || X5-L1 || X1-P1 || X2-S1 || X3-L2","put the cross over to the left and then once youve done that grasp the circle"
0,0,"X1-P1 || X3-L1 || X2-S1","X1-P1 || X3-L1 || X2-S1","put the cross right"
104,100,"X5-S2 || X1-P1 || X3-L1 || X2-S1 || X4-P2","X1-P1 || X2-S1 || X4-S2","put the cross right and point to the cross"
29,0,"X5-S2 || X1-P1 || X3-L1 || X2-S1 || X4-P2","X5-S2 || X1-P1 || X3-L1 || X2-S1 || X4-P2","put the cross to the left before grasping the circle"
68,0,"X5-S2 || X1-P1 || X3-L1 || X2-S1 || X4-P2","X5-S2 || X1-P1 || X3-L1 || X2-S1 || X4-P2","put the cross to the left before touching the circle"
67,0,"X5-S2 || X1-P1 || X3-L1 || X2-S1 || X4-P2","X5-S2 || X1-P1 || X3-L1 || X2-S1 || X4-P2","put the cross to the left then grasp the circle"
12,0,"X1-P1 || X3-L1 || X2-S1","X1-P1 || X3-L1 || X2-S1","put the cross to the right"
31,0,"X2-S2 || X1-P1 || X3-L1 || X2-S1 || X4-P2","X2-S2 || X1-P1 || X3-L1 || X2-S1 || X4-P2","put the cross to the right then point at it"
41,100,"X4-P2 || X1-P1 || X2-S2 || X2-S1 || X3-L1 || X3-L2","X2-S2 || X1-P1 || X3-L1 || X2-S1 || X4-P2","put the cross to the right then push it around"
190,0,"X1-P1 || X3-L1 || X2-S1","X1-P1 || X3-L1 || X2-S1","put the red cross on the empty space on my right"
176,0,"X5-S2 || X1-P1 || X3-L1 || X2-S1 || X4-P2","X5-S2 || X1-P1 || X3-L1 || X2-S1 || X4-P2","put the red cross to the left and hit the blue circle"
177,0,"X2-S2 || X1-P1 || X3-L1 || X2-S1 || X4-P2","X2-S2 || X1-P1 || X3-L1 || X2-S1 || X4-P2","put the red cross to the right and point at it"
322,0,"X4-P2 || X5-L2 || X1-P1 || X2-S2 || X2-S1 || X3-L1","X4-P2 || X5-L2 || X1-P1 || X2-S2 || X2-S1 || X3-L1","put the triangle in the middle and put it in the right"
333,0,"X4-P2 || X5-L2 || X1-P1 || X2-S2 || X2-S1 || X3-L1","X4-P2 || X5-L2 || X1-P1 || X2-S2 || X2-S1 || X3-L1","put the triangle in the middle and put it on left"
328,0,"X5-S2 || X4-P2 || X6-L2 || X1-P1 || X2-S1 || X3-L1","X5-S2 || X4-P2 || X6-L2 || X1-P1 || X2-S1 || X3-L1","put the triangle in the middle and put the circle on left"
107,0,"X5-S2 || X4-P2 || X6-L2 || X1-P1 || X2-S1 || X3-L1","X5-S2 || X4-P2 || X6-L2 || X1-P1 || X2-S1 || X3-L1","put the triangle in the middle and then put the cross on the right"
113,0,"X5-S2 || X4-P2 || X6-L2 || X1-P1 || X2-S1 || X3-L1","X5-S2 || X4-P2 || X6-L2 || X1-P1 || X2-S1 || X3-L1","put the triangle in the middle put the circle on the left"
257,100,"X4-P2 || X5-L2 || X1-P1 || X2-S2 || X2-S1 || X3-L1","X2-S2 || X1-P1 || X3-L1 || X2-S1 || X4-P2","put the triangle in the middle then put it on the left"
34,0,"X5-S2 || X4-P2 || X6-L2 || X1-P1 || X2-S1 || X3-L1","X5-S2 || X4-P2 || X6-L2 || X1-P1 || X2-S1 || X3-L1","put the triangle in the middle then put the cross to the right"
117,0,"X5-S2 || X4-P2 || X6-L2 || X1-P1 || X2-S1 || X3-L1","X5-S2 || X4-P2 || X6-L2 || X1-P1 || X2-S1 || X3-L1","put the triangle in the middle then put the triangle on the left"
45,0,"X5-S2 || X4-P2 || X6-L2 || X1-P1 || X2-S1 || X3-L1","X5-S2 || X4-P2 || X6-L2 || X1-P1 || X2-S1 || X3-L1","put the triangle in the middle then put the triangle to the left"
326,0,"X4-P2 || X5-L2 || X1-P1 || X2-S2 || X2-S1 || X3-L1","X4-P2 || X5-L2 || X1-P1 || X2-S2 || X2-S1 || X3-L1","put the triangle on left and push it in the middle"
250,0,"X4-P2 || X5-L2 || X1-P1 || X2-S2 || X2-S1 || X3-L1","X4-P2 || X5-L2 || X1-P1 || X2-S2 || X2-S1 || X3-L1","put the triangle on the left and then push it in the middle"
111,0,"X4-P2 || X5-L2 || X1-P1 || X2-S2 || X2-S1 || X3-L1","X4-P2 || X5-L2 || X1-P1 || X2-S2 || X2-S1 || X3-L1","put the triangle on the left then push it to the middle"
83,100,"X5-S2 || X4-P2 || X6-L1 || X1-P1 || X2-S1 || X3-L2","X5-S2 || X3-L1 || X4-P2 || X3-L2","put the triangle to the left after having put the triangle to the middle"
71,100,"X1-P2 || X2-S1 || X3-L2 || X4-P1 || X2-S2","X2-S1 || X1-P1 || X4-P2 || X3-L2","put the triangle to the left after having touched it"
182,0,"X4-P2 || X5-L2 || X1-P1 || X2-S2 || X2-S1 || X3-L1","X4-P2 || X5-L2 || X1-P1 || X2-S2 || X2-S1 || X3-L1","put the triangle to the left and then push it to the middle"
38,0,"X4-P2 || X5-L2 || X1-P1 || X2-S2 || X2-S1 || X3-L1","X4-P2 || X5-L2 || X1-P1 || X2-S2 || X2-S1 || X3-L1","put the triangle to the left then push it to the middle"
184,0,"X1-P2 || X5-L2 || X1-P1 || X2-S1 || X3-L1 || X4-S2","X1-P2 || X5-L2 || X1-P1 || X2-S1 || X3-L1 || X4-S2","put the triangle to the middle and the circle to the left"
180,100,"X1-P2 || X5-L2 || X1-P1 || X2-S1 || X3-L1 || X4-S2","X1-P2 || X1-P1 || X3-L1 || X2-S1 || X5-L2","put the triangle to the middle and then the cross to the right"
220,100,"X4-L2 || X1-P2 || X1-P1 || X2-S2 || X2-S1 || X3-L1","X1-P2 || X1-P1 || X3-L1 || X2-S1","put the triangle to the middle and to the right"
82,100,"X5-S1 || X4-P2 || X1-P1 || X2-S2 || X3-L1 || X3-L2","X4-L1 || X4-L2 || X5-S1 || X1-P1 || X2-S2 || X2-S1 || X3-L2","put to the cross to the right after having put the circle there as well"
259,0,"X2-P1 || X1-S1","X2-P1 || X1-S1","the circle point to it"
277,100,"X2-P2 || X2-P1 || X1-S2 || X1-S1","X1-P2 || X2-P1 || X2-S2 || X1-S1","the circle touch it twice"
260,0,"X2-P1 || X1-S1","X2-P1 || X1-S1","the cross grasp it"
262,0,"X2-P1 || X3-L1 || X1-S1","X2-P1 || X3-L1 || X1-S1","the cross put it on the right"
261,0,"X2-P1 || X1-S1","X2-P1 || X1-S1","the cross touch it"
142,100,"X3-P2 || X4-L2 || X2-P1 || X1-S2 || X1-S1","X3-S1 || X4-L2 || X4-P1 || X1-P2 || X2-S2 || X2-S1 || X3-P2","the first thing to do with the triangle is to grasp it and then to put it on the left"
263,100,"X2-P1 || X3-L1 || X1-S1","X2-P1 || X1-S1","the triangle push it over to the left"
119,100,"X2-P1 || X1-S1","X1-P1 || X2-S1","there is a circle point to it"
129,100,"X1-P1 || X3-P2 || X2-S1 || X4-S2","X4-P2 || X2-P2 || X1-P1 || X2-S1 || X3-P2 || X3-L1","to do things first touch the circle and then point to the circle"
283,100,"X3-S1 || X1-P1 || X2-P2 || X3-S2 || X4-L2","X2-S2 || X1-P1 || X3-P2 || X2-S1","touch and move the triangle to the left"
121,0,"X1-P1 || X2-S1","X1-P1 || X2-S1","touch on the cross"
53,0,"X3-P1 || X1-P2 || X4-S1 || X2-S2","X3-P1 || X1-P2 || X4-S1 || X2-S2","touch the circle after having pointed the triangle"
30,100,"X3-P1 || X1-P2 || X5-L1 || X4-S1 || X2-S2","X3-P1 || X5-S2 || X1-P1 || X4-S1 || X2-S1","touch the circle after having put the cross to the left"
265,100,"X3-P1 || X1-P2 || X4-S1 || X2-S2","X4-P2","touch the circle after youve pointed the triangle"
232,0,"X2-S2 || X1-P1 || X3-P2 || X2-S1","X2-S2 || X1-P1 || X3-P2 || X2-S1","touch the circle and then point to it"
137,0,"X2-S2 || X1-P1 || X3-P2 || X2-S1","X2-S2 || X1-P1 || X3-P2 || X2-S1","touch the circle once and then afterwards touch it again"
19,0,"X2-S2 || X1-P1 || X3-P2 || X2-S1","X2-S2 || X1-P1 || X3-P2 || X2-S1","touch the circle then point at it"
92,0,"X1-P1 || X3-P2 || X2-S1 || X4-S2","X1-P1 || X3-P2 || X2-S1 || X4-S2","touch the circle then point to the circle"
27,0,"X2-S2 || X1-P1 || X3-P2 || X2-S1","X2-S2 || X1-P1 || X3-P2 || X2-S1","touch the circle then touch it again"
65,0,"X1-P2 || X1-P1 || X2-S1 || X2-S2","X1-P2 || X1-P1 || X2-S1 || X2-S2","touch the circle twice"
100,0,"X1-P2 || X1-P1 || X2-S1 || X2-S2","X1-P2 || X1-P1 || X2-S1 || X2-S2","touch the circle twice"
240,0,"X1-P2 || X1-P1 || X2-S1 || X2-S2","X1-P2 || X1-P1 || X2-S1 || X2-S2","touch the circle twice"
11,0,"X1-P1 || X2-S1","X1-P1 || X2-S1","touch the cross"
87,0,"X1-P1 || X2-S1","X1-P1 || X2-S1","touch the cross"
224,0,"X1-P1 || X2-S1","X1-P1 || X2-S1","touch the cross"
61,100,"X2-S2 || X1-P1 || X3-P2 || X4-S1","X3-P1 || X2-S2 || X4-S1","touch the cross after having touch the triangle"
230,0,"X1-P1 || X3-P2 || X2-S1 || X4-S2","X1-P1 || X3-P2 || X2-S1 || X4-S2","touch the cross and point to the circle"
17,0,"X1-P1 || X3-P2 || X2-S1 || X4-S2","X1-P1 || X3-P2 || X2-S1 || X4-S2","touch the cross before pointing at the circle"
90,0,"X1-P1 || X3-P2 || X2-S1 || X4-S2","X1-P1 || X3-P2 || X2-S1 || X4-S2","touch the cross point to the circle"
49,0,"X1-P1 || X2-S1","X1-P1 || X2-S1","touch the cross with your palm"
21,0,"X3-P1 || X1-P2 || X2-S1 || X2-S2","X3-P1 || X1-P2 || X2-S1 || X2-S2","touch the triangle after having pointed at it"
271,0,"X3-P1 || X1-P2 || X2-S1 || X2-S2","X3-P1 || X1-P2 || X2-S1 || X2-S2","touch the triangle after having touched it"
28,100,"X5-L2 || X1-P1 || X3-P2 || X2-S1 || X4-S2","X5-S1 || X5-L2 || X1-P1 || X2-S2 || X3-P2 || X4-S2","touch the triangle before putting the circle in the middle"
23,0,"X1-P1 || X3-P2 || X2-S1 || X4-S2","X1-P1 || X3-P2 || X2-S1 || X4-S2","touch the triangle before touching the cross"
246,0,"X2-S2 || X1-P1 || X3-P2 || X2-S1 || X4-L2","X2-S2 || X1-P1 || X3-P2 || X2-S1 || X4-L2","touch the triangle then move it to the left"
106,0,"X2-S2 || X1-P1 || X3-P2 || X2-S1 || X4-L2","X2-S2 || X1-P1 || X3-P2 || X2-S1 || X4-L2","touch the triangle then put it on the left"
33,0,"X2-S2 || X1-P1 || X3-P2 || X2-S1 || X4-L2","X2-S2 || X1-P1 || X3-P2 || X2-S1 || X4-L2","touch the triangle then put it to the left"
236,0,"X1-P1 || X3-P2 || X2-S1 || X4-S2","X1-P1 || X3-P2 || X2-S1 || X4-S2","touch the triangle then touch the cross"
96,0,"X1-P1 || X3-P2 || X2-S1 || X4-S2","X1-P1 || X3-P2 || X2-S1 || X4-S2","touch the triangle touch the cross"
352,0,"X1-P2 || X1-P1 || X2-S1 || X2-S2","X1-P2 || X1-P1 || X2-S1 || X2-S2","two times grasp circle"
351,0,"X1-P2 || X1-P1 || X2-S1 || X2-S2","X1-P2 || X1-P1 || X2-S1 || X2-S2","two times point cross"
51,0,"X1-P1 || X3-L1 || X2-S1","X1-P1 || X3-L1 || X2-S1","using your fingers push the triangle to the left"
131,100,"X1-P1 || X3-P2 || X2-S1 || X4-S2","X1-P1 || X3-P2 || X2-S1 || X4-P2","you can point to the triangle and next you can touch to the triangle"
153,100,"X3-S1 || X1-P2 || X1-P1 || X2-L2 || X2-L1 || X4-S2","X3-P2 || X4-S2 || X1-L1 || X2-P1","you need to push two objects to the left first the triangle then the cross"
128,100,"X2-S2 || X1-P1 || X3-P2 || X2-S1","X3-P1 || X2-S2 || X1-P1 || X2-S1 || X1-P2","you should first grasp the circle and then point to it afterwards"
155,100,"X5-S2 || X4-P2 || X6-L1 || X1-P1 || X2-S1 || X3-L2","X5-S2 || X5-S1 || X4-P1 || X4-P2 || X6-L2 || X1-P2 || X1-S1 || X2-S2 || X2-P1 || X3-L1 || X3-L2","youre going to put the triangle on the left but first you have to put the triangle in the middle"
